Workbook

Sheet Tender Register
A1: KI IMAGO — TENDER REGISTER
A2: Krueger International Furniture Systems Pvt. Ltd. · Bommasandra-Jigni, Bengaluru · GST: 29AAECK0473E1ZN
A3: # | B3: Tender ID | C3: Portal | D3: Institution | E3: Tender Title | F3: Category | G3: Est. Value (₹) | H3: Published | I3: Closing Date | J3: Days Left (update daily) | K3: EMD (₹) | L3: Qualification | M3: Priority | N3: Status | O3: Escalated To | P3: Escalation Time | Q3: Bid Submitted | R3: Outcome | S3: Notes / Intel
A4: 1 | B4: GEM/2025/EDU/001234 | C4: GeM | D4: University Visvesvaraya College of Engineering | E4: Supply of Student Chairs & Classroom Desks | F4: Classroom | G4: 850000 | H4: 01-04-2025 | I4: 22-04-2025 | J4: -346 | K4: 17000 | L4: PASS | M4: P2 — High (₹10-50L) | N4: Bid Prep | O4: CEO Agent | P4: 02-04-2025 09:15 | S4: UVCE govt college - GeM mandatory. Spec matches Maestro Chair MSP. HOD CSE already met.
A5: 2 | B5: KPPP/BEDU/2025/4521 | C5: KPPP | D5: Bangalore Institute of Technology | E5: Procurement of Library Reading Room Furniture | F5: Library | G5: 320000 | H5: 28-03-2025 | I5: 18-04-2025 | J5: -350 | K5: 6400 | L5: PASS | M5: P3 — Medium (₹2-10L) | N5: Submitted | O5: CEO Agent | P5: 29-03-2025 14:30 | Q5: 05-04-2025 | R5: Pending | S5: BIT library renovation. 40 reading chairs + 12 tables. Submitted Unite Round Table + Strive Chair.
A6: 3 | B6: IISC/PROC/2025/089 | C6: Institution Website | D6: Indian Institute of Science | E6: Supply of Office Workstations — Faculty Offices | F6: Office | G6: 2200000 | H6: 15-03-2025 | I6: 10-04-2025 | J6: -358 | K6: 44000 | L6: PASS | M6: P1 — Critical (>₹50L) | N6: Won | O6: CEO Agent | P6: 15-03-2025 11:00 | Q6: 25-03-2025 | R6: Won | S6: IISc strategic win. WYN 5 workstations x 40 units. Use as reference installation.
A7: 4 | B7: GEM/2025/EDU/002891 | C7: GeM | D7: Dr. Ambedkar Institute of Technology | E7: Supply of Cafeteria Furniture — New Block | F7: Cafeteria | G7: 180000 | H7: 10-04-2025 | I7: 25-04-2025 | J7: -343 | K7: 3600 | L7: PASS | M7: P3 — Medium (₹2-10L) | N7: New | O7: CEO Agent | P7: 10-04-2025 08:45 | S7: New cafeteria block opening May. Barron SS tables + Dura Stack chairs. 15 tables, 60 chairs.
A8: 5 | B8: KPPP/BEDU/2025/5102 | C8: KPPP | D8: Bangalore Medical College & Research Institute | E8: Procurement of Waiting Area & Seminar Chairs | F8: Seminar | G8: 95000 | H8: 05-04-2025 | I8: 20-04-2025 | J8: -348 | K8: 1900 | L8: REVIEW | M8: P4 — Low (<₹2L) | N8: Skipped | O8: Not escalated | S8: Value below threshold. Spec requires specific hospital-grade chairs not in KI range. Skip.
A9: 6 | B9: CHRIST/PROC/APR25/12 | C9: Institution Website | D9: Christ University | E9: Library Furniture — New Kengeri Campus Wing | F9: Library | G9: 4500000 | H9: 08-04-2025 | I9: 05-05-2025 | J9: -333 | K9: 90000 | L9: PASS | M9: P1 — Critical (>₹50L) | N9: Bid Prep | O9: CEO Agent | P9: 08-04-2025 10:20 | S9: Christ private institution - no GeM. VP Operations contact: already in outreach pipeline. 27 days to close.
A10: 7
A11: 8
A12: 9
A13: 10
A14: 11
A15: 12
A16: 13
A17: 14
A18: 15
A19: 16

Sheet Dashboard
A1: TENDER PIPELINE DASHBOARD — KI IMAGO
A2: =TEXT(TODAY(),"DD MMM YYYY")&" — Live pipeline snapshot" -> 03 Apr 2026 — Live pipeline snapshot
A5: Total Tenders | C5: Active Bids | E5: Won | G5: Pipeline Value | I5: Closing ≤7 days | K5: Win Rate
A6: =COUNTA('Tender Register'!B4:B503) -> 6 | C6: =COUNTIF('Tender Register'!N4:N503,"Bid Prep")+COUNTIF('Tender Register'!N4:N503,"Submitted") -> 3 | E6: =COUNTIF('Tender Register'!R4:R503,"Won") -> 1 | G6: =SUMIF('Tender Register'!N4:N503,"Bid Prep",'Tender Register'!G4:G503)+SUMIF('Tender Register'!N4:N503,"Submitted",'Tender Register'!G4:G503) -> 5670000 | I6: =COUNTIFS('Tender Register'!J4:J503,"<=7",'Tender Register'!J4:J503,">=0",'Tender Register'!N4:N503,"<>Won",'Tender Register'!N4:N503,"<>Lost",'Tender Register'!N4:N503,"<>Skipped") -> 0 | K6: =IFERROR(COUNTIF('Tender Register'!R4:R503,"Won")/(COUNTIF('Tender Register'!R4:R503,"Won")+COUNTIF('Tender Register'!R4:R503,"Lost — Price")+COUNTIF('Tender Register'!R4:R503,"Lost — Tech")),0) -> 1
A10: STATUS BREAKDOWN | H10: PRIORITY BREAKDOWN
A11: New | D11: =COUNTIF('Tender Register'!N4:N503,"New") -> 1 | H11: P1 — Critical | K11: =COUNTIF('Tender Register'!M4:M503,"P1 — Critical (>₹50L)") -> 2
A12: Bid Prep | D12: =COUNTIF('Tender Register'!N4:N503,"Bid Prep") -> 2 | H12: P2 — High | K12: =COUNTIF('Tender Register'!M4:M503,"P2 — High (₹10-50L)") -> 1
A13: Submitted | D13: =COUNTIF('Tender Register'!N4:N503,"Submitted") -> 1 | H13: P3 — Medium | K13: =COUNTIF('Tender Register'!M4:M503,"P3 — Medium (₹2-10L)") -> 2
A14: Won | D14: =COUNTIF('Tender Register'!N4:N503,"Won") -> 1 | H14: P4 — Low | K14: =COUNTIF('Tender Register'!M4:M503,"P4 — Low (<₹2L)") -> 1
A15: Lost | D15: =COUNTIF('Tender Register'!N4:N503,"Lost") -> 0
A16: Skipped | D16: =COUNTIF('Tender Register'!N4:N503,"Skipped") -> 1
A17: Expired | D17: =COUNTIF('Tender Register'!N4:N503,"Expired") -> 0

Sheet Bid Tracker
A1: BID PREPARATION TRACKER
A2: Track checklist completion for each active bid — update daily during bid prep
A3: Tender ID | B3: Institution | C3: Closing Date | D3: 1. BoQ Read | E3: 2. Tech Compliance | F3: 3. Financials Ready | G3: 4. Exp. Certs | H3: 5. MII Declaration | I3: 6. Pricing Done | J3: 7. EMD Arranged | K3: 8. Docs Uploaded | L3: % Complete | M3: Responsible / Notes
A4: GEM/2025/EDU/001234 | B4: UVCE — Student Chairs & Desks | C4: 22-04-2025 | D4: ✅ Done | E4: ✅ Done | F4: ✅ Done | G4: ⏳ In Progress | H4: ✅ Done | I4: ⏳ In Progress | J4: ❌ Pending | K4: ❌ Pending | L4: =COUNTIF(D4:K4,"✅ Done")/8 -> 0.5
A5: CHRIST/PROC/APR25/12 | B5: Christ University — Library | C5: 05-05-2025 | D5: ✅ Done | E5: ⏳ In Progress | F5: ✅ Done | G5: ❌ Pending | H5: ✅ Done | I5: ❌ Pending | J5: ❌ Pending | K5: ❌ Pending | L5: =COUNTIF(D5:K5,"✅ Done")/8 -> 0.375
L6: =IFERROR(COUNTIF(D6:K6,"✅ Done")/8,0) -> 0
L7: =IFERROR(COUNTIF(D7:K7,"✅ Done")/8,0) -> 0
L8: =IFERROR(COUNTIF(D8:K8,"✅ Done")/8,0) -> 0
L9: =IFERROR(COUNTIF(D9:K9,"✅ Done")/8,0) -> 0
L10: =IFERROR(COUNTIF(D10:K10,"✅ Done")/8,0) -> 0
L11: =IFERROR(COUNTIF(D11:K11,"✅ Done")/8,0) -> 0
L12: =IFERROR(COUNTIF(D12:K12,"✅ Done")/8,0) -> 0
L13: =IFERROR(COUNTIF(D13:K13,"✅ Done")/8,0) -> 0
L14: =IFERROR(COUNTIF(D14:K14,"✅ Done")/8,0) -> 0
L15: =IFERROR(COUNTIF(D15:K15,"✅ Done")/8,0) -> 0

Sheet Competitor Intel
A1: COMPETITOR INTELLIGENCE — POST-BID ANALYSIS
A2: Log competitor data from GeM bid results — builds pricing and positioning intelligence over time
A3: Tender ID | B3: Institution | C3: Competitor Name | D3: Their Price (₹) | E3: Our Price (₹) | F3: Price Gap | G3: Outcome | H3: Their Advantage | I3: Our Advantage | J3: Learning / Action
A4: KPPP/BEDU/2025/4521 | B4: BIT — Library | C4: Local Trader X | D4: 285000 | E4: 320000 | F4: =E4-D4 -> 35000 | G4: Lost — Price | H4: Lower price, unknown brand | I4: Local manufacture, 5-yr warranty | J4: Next time: lead with warranty cost benefit + IS cert. Their quality likely inferior — get reference from BIT.
A5: GEM/2025/EDU/001234 | B5: UVCE — Chairs | C5: National Furniture Co. | D5: 780000 | E5: 850000 | F5: =E5-D5 -> 70000 | G5: Pending | H5: GeM-listed, volume pricing | I5: Faster delivery, Bangalore factory | J5: MSME status check — if they qualify for GeM MSME preference and we don't, address urgently.
F6: =IFERROR(E6-D6,"") -> 0
F7: =IFERROR(E7-D7,"") -> 0
F8: =IFERROR(E8-D8,"") -> 0
F9: =IFERROR(E9-D9,"") -> 0
F10: =IFERROR(E10-D10,"") -> 0
F11: =IFERROR(E11-D11,"") -> 0
F12: =IFERROR(E12-D12,"") -> 0
F13: =IFERROR(E13-D13,"") -> 0
F14: =IFERROR(E14-D14,"") -> 0
F15: =IFERROR(E15-D15,"") -> 0

Sheet Instructions
A1: HOW TO USE THIS WORKBOOK — SCOUT AGENT GUIDE
A2: SHEET 1 — TENDER REGISTER
A3: → | B3: Add one row per tender discovered. Fill all columns using the dropdown menus (click a cell to see options). The 'Days Left' column auto-calculates from today — tenders turning red need immediate action.
A4: → | B4: Portal: use the dropdown — GeM / KPPP / CPPP / Institution Website / Other
A5: → | B5: Category: select the primary space — Classroom / Library / Cafeteria / Lab / Seminar / Office / Hostel / Mixed
A6: → | B6: Qualification: PASS = all 6 criteria met. FAIL = do not proceed. REVIEW = escalate to CEO Agent for decision.
A7: → | B7: Priority: P1 (>₹50L) escalate in 6 hrs · P2 (₹10-50L) escalate in 24 hrs · P3 (₹2-10L) in 48 hrs · P4 batch weekly
A8: → | B8: Status flow: New → Bid Prep → Submitted → Won / Lost / Skipped
A10: SHEET 2 — DASHBOARD
A11: → | B11: Auto-updates from Tender Register. Check this at the start of each day for the live pipeline view. 'Closing ≤7 days' is your most critical metric — any non-zero number here means urgent action needed.
A13: SHEET 3 — BID TRACKER
A14: → | B14: Use this for tenders in 'Bid Prep' status. One row per active bid. Tick off each of the 8 checklist items as they're completed. % Complete auto-calculates. A bid should never be submitted with any item still ❌ Pending.
A15: → | B15: The 8 bid checklist items: (1) BoQ read and understood · (2) Technical compliance statement drafted · (3) Financial documents ready (GST, PAN, audited P&L) · (4) Experience certificates collected · (5) Make in India declaration prepared · (6) Pricing finalised and BoQ filled · (7) EMD demand draft/BG arranged · (8) All documents uploaded to portal
A17: SHEET 4 — COMPETITOR INTEL
A18: → | B18: After each tender result (win or loss), log the competitors who bid and their prices (visible on GeM after closing). Over 3-6 months this builds a pricing intelligence database. Review before pricing any new bid in the same category.
A20: KEY RULES
A21: → | B21: Never submit a bid with fewer than 5 working days remaining without CEO Agent approval.
A22: → | B22: Never bid on a tender where the qualification is FAIL. Flag and skip.
A23: → | B23: Always download and read the full tender document — not just the title. Corrigenda (amendments) can change everything.
A24: → | B24: Update status within 24 hours of any change — the Dashboard is only as good as the data it reads.
A25: → | B25: After every bid result, update Sheet 4 with competitor data — this is compulsory, not optional.
